[
{
  "model": "sessions.session",
  "pk": "375dk3t87etfnzbl8hqyod8cq1jzn8b0",
  "fields": {
    "session_data": ".eJxVzDsOwjAQRdG9uCaWfxnblPSsIZrxjEkAJVI-FWLvECkF1O-e91IdbmvfbYvM3cDqrKqUEthQA4ViE4BKk2yMjXDKzqdsIYM6_TLC8pBxt3zH8TbpMo3rPJDeE32si75OLM_L0f4d9Lj0X93aiEhsBZy4xC5XQgEJIILQhsoVIPiMprYmWOMzkQ9RyNgco3Gs3h8t00FX:1vGZxr:0kdSCdW0oMKQYN-vjvBN1xZjSMd0K-K-KrieLz9ZGAY",
    "expire_date": "2025-11-19T09:38:03.403Z"
  }
},
{
  "model": "sessions.session",
  "pk": "7jlrd5mrocxqlqwyjchc7t7akpv95buf",
  "fields": {
    "session_data": ".eJxVzDsOwjAQhOG7uMZW7Ow6NiU9Z4g2Y5sEUCLlUSHuDpFSQD3_Ny_Vyrb27bbkuR2SOivhWNVcBe1iLJo8ZR3QQYdUOob4gArq9Ms6wSOPu013GW-TwTSu89CZPTHHupjrlPLzcrR_B70s_Ve7yKDiKusLYhMazrFmJKopEGdK1iMggaJ4H2xhadg6bylCqABQ7w_z9UEL:1v5kwy:pmOI5adNBMkVni9h6pCYToZKOIfNXfNCt7naERqU4LM",
    "expire_date": "2025-10-20T13:08:24.366Z"
  }
},
{
  "model": "sessions.session",
  "pk": "m3ybt6pdo4826l92exkaj88u2uwfszex",
  "fields": {
    "session_data": ".eJxVjjkOwjAQRe_imljeJh5T0nOGaDz2EBYlUpYKcXcSKQXU_72n_1YdrUvfrXOduntRZwUx-QBsG-TWNEGAmmyjNGJY2PpgxDt1-tUy8bMOu1seNNxGzeOwTPesd0Qf66yvY6mvy8H-BXqa-81OlQEcMFJbKwQv1AabWZIzZAGhIKNzRrZPjjCASDLIEVkgRsNZfb7N0kD1:1vE8P0:f8z9R5tvOba7JrFw9xHRe_5RA-FGyCEan7dhzmXpVbQ",
    "expire_date": "2025-11-12T15:47:58.418Z"
  }
},
{
  "model": "sessions.session",
  "pk": "sdua7qmf57ys2krlyhygdv9gudk4iffr",
  "fields": {
    "session_data": ".eJxVjUsOwjAMBe-SNY3axLEdluw5Q5U4hhZQK_WzQtydVuoC1m9m3tu0aV26dp11avtizuamIlDqXKFkqgCzVNwQVVo4Os-xwYjm9KvlJE8ddrc80nAfrYzDMvXZ7og91tlex6Kvy8H-Bbo0d5sdCyoJ1cBFGBwkJUIMvmy3hJlcAKy9ovMSA3Mgx1nBKycF10Q2ny_rOT_a:1vOqZi:qdM17gmVnNnHjmrAH-lafWFXjnc5qnWLP7MaGDNstak",
    "expire_date": "2025-12-12T04:59:18.326Z"
  }
},
{
  "model": "sessions.session",
  "pk": "zrqa7zoefblh1nx8lacbhvdv4gtg1102",
  "fields": {
    "session_data": ".eJxVzMsOwiAQheF3YS2EchkYl-59hgaGwVZNSXpZGd9dm3Sh6_N_5yX6tK1Dvy0892MRZ1GZyBWdJVAO0kEmGbsQJJeIxkbsAEGcfllO9OBpt-WepltT1KZ1HrPaE3Wsi7q2ws_L0f4dDGkZvhqrT44doA7FZO8N-IiI1lQHnGqwBNhpT5mCt9YQusQejS6RHZqI4v0B8tlAOQ:1vN73R:p5OxD4tcnww6aBhJHOrmXcvSTt33H2s5Pro3QUC_D3A",
    "expire_date": "2025-12-07T10:10:49.865Z"
  }
},
{
  "model": "myapp.customer",
  "pk": "21ca51ad-ccc3-4266-864f-cc8c2fdd077b",
  "fields": {
    "customer_name": "mahi",
    "customer_class": "10",
    "customer_email": "abc@gmail.com",
    "customer_mobile": 8081482053,
    "customer_goal": "NEET",
    "customer_course": "NEET",
    "customer_message": "jisdhf",
    "customer_timestamp": "2025-11-16T10:58:09.723Z"
  }
},
{
  "model": "myapp.customer",
  "pk": "537a1bc4-2659-4fe6-9ce1-95d9ab2bc446",
  "fields": {
    "customer_name": "mahendra",
    "customer_class": "12th",
    "customer_email": "abc@gmail.com",
    "customer_mobile": 8081482053,
    "customer_goal": "iit jee",
    "customer_course": "JEE",
    "customer_message": "kjnsdhosah",
    "customer_timestamp": "2025-11-16T10:49:42.240Z"
  }
},
{
  "model": "myapp.customer",
  "pk": "8ffba158-1175-44c8-b434-d2dc6d3e39cc",
  "fields": {
    "customer_name": "Jai",
    "customer_class": "10",
    "customer_email": "abc@gmail.com",
    "customer_mobile": 8081482053,
    "customer_goal": "NEET",
    "customer_course": "NEET course",
    "customer_message": "checking",
    "customer_timestamp": "2025-11-16T11:21:32.417Z"
  }
},
{
  "model": "myapp.customer",
  "pk": "c48cc071-da4a-465d-b0f6-c44813c81bb3",
  "fields": {
    "customer_name": "mahi",
    "customer_class": "10",
    "customer_email": "abc@gmail.com",
    "customer_mobile": 8081482053,
    "customer_goal": "iit",
    "customer_course": "iit",
    "customer_message": "kjnh",
    "customer_timestamp": "2025-11-16T11:43:11.127Z"
  }
},
{
  "model": "myapp.customer",
  "pk": "d3a2c4bc-3918-40f2-82b6-000f1f06eec2",
  "fields": {
    "customer_name": "mahendra",
    "customer_class": "12th",
    "customer_email": "abc@gmail.com",
    "customer_mobile": 8081482053,
    "customer_goal": "iit jee",
    "customer_course": "JEE",
    "customer_message": "kjhahdfoauh",
    "customer_timestamp": "2025-11-18T16:09:25.419Z"
  }
},
{
  "model": "myapp.customer",
  "pk": "e710d662-fb2f-4c51-b1f2-da8472142515",
  "fields": {
    "customer_name": "abc",
    "customer_class": "11",
    "customer_email": "abc@gmail.com",
    "customer_mobile": 2342343,
    "customer_goal": "ssaf",
    "customer_course": "asdf",
    "customer_message": "dsfas",
    "customer_timestamp": "2025-11-23T09:58:28.885Z"
  }
},
{
  "model": "myapp.category",
  "pk": "3080a43e-d6f9-4ffa-a785-626e7bb137ca",
  "fields": {
    "name": "NEET",
    "slug": "neet",
    "created_at": "2025-10-28T13:15:38.086Z"
  }
},
{
  "model": "myapp.category",
  "pk": "5d5fc1e3-1ac2-43ae-8e18-5304bbe6a1d4",
  "fields": {
    "name": "CBSE",
    "slug": "cbse",
    "created_at": "2025-11-04T01:56:54.439Z"
  }
},
{
  "model": "myapp.category",
  "pk": "739fb98a-dbfd-4bc1-9a50-6dec3b581ce1",
  "fields": {
    "name": "OLYMPIAD",
    "slug": "olympiad",
    "created_at": "2025-10-28T13:21:01.692Z"
  }
},
{
  "model": "myapp.category",
  "pk": "79756c07-90aa-4170-99d7-b1e5d57c0296",
  "fields": {
    "name": "FOUNDATION",
    "slug": "foundation",
    "created_at": "2025-11-04T13:13:50.725Z"
  }
},
{
  "model": "myapp.category",
  "pk": "9ef94cb0-be58-4024-95ff-f6abe2bbd590",
  "fields": {
    "name": "IIT-JEE",
    "slug": "iit-jee",
    "created_at": "2025-10-28T12:51:26.829Z"
  }
},
{
  "model": "myapp.course",
  "pk": "083e9bb7-7018-4331-a41f-0d3674604d0f",
  "fields": {
    "title": "Olympiad Coaching",
    "description": "To Qualify Olympiad",
    "category": "739fb98a-dbfd-4bc1-9a50-6dec3b581ce1",
    "duration": "150",
    "teacher": "Dr. VISHNOI",
    "image": "courses/Concept_crafter_LybFWVO.jpeg",
    "created_at": "2025-10-28T13:22:55.065Z"
  }
},
{
  "model": "myapp.course",
  "pk": "15c4ec51-5874-499d-a07f-586e2962c4ea",
  "fields": {
    "title": "Class 12 with NEET Coaching",
    "description": "Best NEET Coaching",
    "category": "3080a43e-d6f9-4ffa-a785-626e7bb137ca",
    "duration": "220",
    "teacher": "Dr. Rajendra",
    "image": "courses/Doct2.jpg",
    "created_at": "2025-10-29T15:49:26.706Z"
  }
},
{
  "model": "myapp.course",
  "pk": "1e759781-b03c-486c-a065-5c3ef0da7b37",
  "fields": {
    "title": "Class 12 with JEE Coaching",
    "description": "You are next IITIAN",
    "category": "9ef94cb0-be58-4024-95ff-f6abe2bbd590",
    "duration": "220",
    "teacher": "Dr. Shiva",
    "image": "courses/JEE_img.jpeg",
    "created_at": "2025-10-30T13:31:37.530Z"
  }
},
{
  "model": "myapp.course",
  "pk": "2489ce11-1fbf-4eda-9db8-8f5ea413a44c",
  "fields": {
    "title": "Class 11 All Subjects",
    "description": "Build the base for your dream career",
    "category": "5d5fc1e3-1ac2-43ae-8e18-5304bbe6a1d4",
    "duration": "150",
    "teacher": "Vishal Sir",
    "image": "courses/o5.png",
    "created_at": "2025-11-04T02:02:54.592Z"
  }
},
{
  "model": "myapp.course",
  "pk": "43f04be3-247c-4278-9b31-802fd0d650cf",
  "fields": {
    "title": "Two Year Program(Class 9-10)",
    "description": "Best foundation course",
    "category": "79756c07-90aa-4170-99d7-b1e5d57c0296",
    "duration": "150",
    "teacher": "Akshay Sir",
    "image": "courses/class9.avif",
    "created_at": "2025-11-04T13:22:59.938Z"
  }
},
{
  "model": "myapp.course",
  "pk": "4cbe10be-66be-42cb-940d-a4f9cd593077",
  "fields": {
    "title": "Maths Olympiad Course",
    "description": "Best Olympiad Course",
    "category": "739fb98a-dbfd-4bc1-9a50-6dec3b581ce1",
    "duration": "220",
    "teacher": "AKSHAY SIR",
    "image": "courses/olympiad.jfif",
    "created_at": "2025-11-03T13:46:20.279Z"
  }
},
{
  "model": "myapp.course",
  "pk": "6eae8ee6-a265-44d4-a655-2a13100d9069",
  "fields": {
    "title": "NEET Repeaters CourseS",
    "description": "Repeat. Rise. Conquer.",
    "category": "3080a43e-d6f9-4ffa-a785-626e7bb137ca",
    "duration": "220",
    "teacher": "VISHAL SIR",
    "image": "courses/NEET_img.jpeg",
    "created_at": "2025-11-03T13:43:11.939Z"
  }
},
{
  "model": "myapp.course",
  "pk": "7682b3b4-602e-4a2e-8bda-f0da20d2fd67",
  "fields": {
    "title": "Class 12 All Subjects",
    "description": "Lets crack your dream exam together.",
    "category": "5d5fc1e3-1ac2-43ae-8e18-5304bbe6a1d4",
    "duration": "150",
    "teacher": "Akshay Sir",
    "image": "courses/o4.png",
    "created_at": "2025-11-04T02:03:39.129Z"
  }
},
{
  "model": "myapp.course",
  "pk": "7bf63995-29f4-492e-9085-112ff05b735a",
  "fields": {
    "title": "JEE Repeaters Course",
    "description": "Repeat. Rise. Conquer.",
    "category": "9ef94cb0-be58-4024-95ff-f6abe2bbd590",
    "duration": "220",
    "teacher": "Dr. Rajendra",
    "image": "courses/JEE_img_mvXvwqy.jpeg",
    "created_at": "2025-10-30T13:34:59.467Z"
  }
},
{
  "model": "myapp.course",
  "pk": "7e214df9-cd1f-4d1f-b452-c72f7d5d1db2",
  "fields": {
    "title": "Class 9 All Subjects",
    "description": "Start early, stay ahead",
    "category": "5d5fc1e3-1ac2-43ae-8e18-5304bbe6a1d4",
    "duration": "150",
    "teacher": "Vishal Sir",
    "image": "courses/img3_7XCulgT.webp",
    "created_at": "2025-11-04T01:58:13.404Z"
  }
},
{
  "model": "myapp.course",
  "pk": "c522230a-f5c8-485c-aab8-62d5b8862011",
  "fields": {
    "title": "Three Year Program(Class 8 to 10)",
    "description": "Best foundation course",
    "category": "79756c07-90aa-4170-99d7-b1e5d57c0296",
    "duration": "150",
    "teacher": "Vishal Sir",
    "image": "courses/class10.avif",
    "created_at": "2025-11-04T13:24:00.235Z"
  }
},
{
  "model": "myapp.course",
  "pk": "d51c2f84-821a-40bb-9cda-4a8024810d75",
  "fields": {
    "title": "One Year Program(Class 10)",
    "description": "Best foundation course",
    "category": "79756c07-90aa-4170-99d7-b1e5d57c0296",
    "duration": "150",
    "teacher": "Vishal Sir",
    "image": "courses/class8.avif",
    "created_at": "2025-11-04T13:20:30.362Z"
  }
},
{
  "model": "myapp.course",
  "pk": "e0da94f1-6dfc-43b9-8eec-3720780ed1a4",
  "fields": {
    "title": "Class 11 with NEET Coaching",
    "description": "Best NEET Coaching",
    "category": "3080a43e-d6f9-4ffa-a785-626e7bb137ca",
    "duration": "150",
    "teacher": "Dr. KUSHAL",
    "image": "courses/Concept_crafter_kEUqauc.jpeg",
    "created_at": "2025-10-28T13:16:39.645Z"
  }
},
{
  "model": "myapp.course",
  "pk": "e94c5f66-8cf1-4deb-9b71-226ada0b47be",
  "fields": {
    "title": "Class 10 All Subjects",
    "description": "Make boards easy and stress-free.",
    "category": "5d5fc1e3-1ac2-43ae-8e18-5304bbe6a1d4",
    "duration": "150",
    "teacher": "Akshay Sir",
    "image": "courses/o6_uUFvKBx.png",
    "created_at": "2025-11-04T02:02:00.771Z"
  }
},
{
  "model": "myapp.course",
  "pk": "efd4fd47-c8d0-4b3e-9e51-5426da3a87fa",
  "fields": {
    "title": "Science Olympiad Course",
    "description": "Best Olympiad Course",
    "category": "739fb98a-dbfd-4bc1-9a50-6dec3b581ce1",
    "duration": "220",
    "teacher": "VISHAL SIR",
    "image": "courses/img3.webp",
    "created_at": "2025-11-03T13:47:10.597Z"
  }
},
{
  "model": "myapp.course",
  "pk": "f117f16d-4a62-45e6-be5a-ce856caf8c74",
  "fields": {
    "title": "Class 11 with JEE Coaching",
    "description": "Be the next IITIAN",
    "category": "9ef94cb0-be58-4024-95ff-f6abe2bbd590",
    "duration": "250",
    "teacher": "Dr. VISHNOI",
    "image": "courses/Concept_crafter_ZoXTaDx.jpeg",
    "created_at": "2025-10-28T12:56:50.866Z"
  }
},
{
  "model": "myapp.downloadcategory",
  "pk": "5828751e-333a-4180-bc3e-df2cd17366cf",
  "fields": {
    "name": "Class 11 with JEE Coaching",
    "slug": "iit-jee",
    "syllabus_url": "https://www.nta.ac.in/Download/Notice/Notice_20241230193629.pdf",
    "created_at": "2025-10-12T13:51:09.393Z"
  }
},
{
  "model": "myapp.downloaddocument",
  "pk": "71321655-3e80-468a-bfa1-3716357ddb5f",
  "fields": {
    "category": "5828751e-333a-4180-bc3e-df2cd17366cf",
    "title": "Units and Dimensions",
    "doc_type": "chapter",
    "subject": "physics",
    "order": 0,
    "file": "downloads/2_HCtcYp9._Units_and_Dimensions.pdf",
    "uploaded_at": "2025-10-12T13:55:20.270Z"
  }
},
{
  "model": "myapp.downloaddocument",
  "pk": "aa1afcf9-a15f-41cf-8512-95ec7aba8793",
  "fields": {
    "category": "5828751e-333a-4180-bc3e-df2cd17366cf",
    "title": "Mathematics",
    "doc_type": "chapter",
    "subject": "maths",
    "order": 0,
    "file": "downloads/jee-advanced-syllabus-2025-pdf-download.pdf",
    "uploaded_at": "2025-10-18T08:16:16.064Z"
  }
},
{
  "model": "myapp.downloaddocument",
  "pk": "b0d836fe-89d4-4a2b-a495-3bbe4e0071de",
  "fields": {
    "category": "5828751e-333a-4180-bc3e-df2cd17366cf",
    "title": "Mathematics in Physics",
    "doc_type": "chapter",
    "subject": "physics",
    "order": 0,
    "file": "downloads/1_JmX9A5h._Mathematics_in_Physics.pdf",
    "uploaded_at": "2025-10-12T13:52:36.857Z"
  }
},
{
  "model": "myapp.student",
  "fields": {
    "password": "pbkdf2_sha256$1000000$A2ZdYGmRRFGmmy1HRyS2tP$1sUwzsKEmS4N4zHlU3z13EuIv/s2PbgsWDx0I2i3cOA=",
    "last_login": null,
    "is_superuser": false,
    "mobile_number": null,
    "full_name": "Mahendra Yadav",
    "email": "mahendracse8081@gmail.com",
    "target_course": null,
    "student_class": null,
    "is_active": true,
    "is_staff": false,
    "created_at": "2025-10-07T18:31:24.348Z",
    "groups": [],
    "user_permissions": []
  }
},
{
  "model": "myapp.student",
  "fields": {
    "password": "pbkdf2_sha256$1000000$oEcm7p5iKamv0HFXS8TXa8$IaTYkz2DK+L1IdesBYsGcA3vku+omvn0I3w0CK5goHA=",
    "last_login": "2025-11-28T04:59:18.290Z",
    "is_superuser": true,
    "mobile_number": "8081482053",
    "full_name": "Mahendra Yadav",
    "email": "mahendrayadav@ghcl.co.in",
    "target_course": "IIT",
    "student_class": "10",
    "is_active": true,
    "is_staff": true,
    "created_at": "2025-11-05T09:37:37.713Z",
    "groups": [],
    "user_permissions": []
  }
},
{
  "model": "myapp.otprequest",
  "pk": "224cf796-eeee-4800-a233-fc3a31f48d09",
  "fields": {
    "mobile_number": "8081482053",
    "code": "119553",
    "session_id": null,
    "created_at": "2025-11-05T09:40:39.646Z",
    "verified": true,
    "used": false
  }
},
{
  "model": "myapp.otprequest",
  "pk": "24efca19-c118-4bd1-8dc2-575eb4149e2f",
  "fields": {
    "mobile_number": "8081482053",
    "code": "804603",
    "session_id": null,
    "created_at": "2025-11-18T15:59:23.397Z",
    "verified": true,
    "used": false
  }
},
{
  "model": "myapp.otprequest",
  "pk": "31fd5c39-88ee-493f-ac8c-16cbc1c02be5",
  "fields": {
    "mobile_number": "8081482053",
    "code": "342895",
    "session_id": null,
    "created_at": "2025-11-23T10:14:53.804Z",
    "verified": false,
    "used": true
  }
},
{
  "model": "myapp.otprequest",
  "pk": "3b86809f-98c7-46ba-9c54-f1c24876155a",
  "fields": {
    "mobile_number": "8081482053",
    "code": "103844",
    "session_id": null,
    "created_at": "2025-10-29T15:55:28.146Z",
    "verified": false,
    "used": true
  }
},
{
  "model": "myapp.otprequest",
  "pk": "400733f8-7688-4ded-9a91-5792ddf3886a",
  "fields": {
    "mobile_number": "7041330731",
    "code": "841472",
    "session_id": null,
    "created_at": "2025-10-27T13:22:56.106Z",
    "verified": false,
    "used": false
  }
},
{
  "model": "myapp.otprequest",
  "pk": "59855f44-98d2-4579-8f94-137249f1c609",
  "fields": {
    "mobile_number": "7041330731",
    "code": null,
    "session_id": "9f8689a2-8e12-4d7c-982e-625ba1174348",
    "created_at": "2025-11-27T10:36:54.641Z",
    "verified": false,
    "used": false
  }
},
{
  "model": "myapp.otprequest",
  "pk": "72b07c66-a3e8-4e61-afa8-dc2109c7e191",
  "fields": {
    "mobile_number": "8081482053",
    "code": "186486",
    "session_id": null,
    "created_at": "2025-11-23T10:11:51.797Z",
    "verified": true,
    "used": false
  }
},
{
  "model": "myapp.otprequest",
  "pk": "7dd0989a-1000-4ba6-8ea4-6de4e862389b",
  "fields": {
    "mobile_number": "9999999999",
    "code": "501801",
    "session_id": null,
    "created_at": "2025-10-27T12:42:51.255Z",
    "verified": false,
    "used": false
  }
},
{
  "model": "myapp.otprequest",
  "pk": "890763d9-802e-426c-9fc7-51564fe2df61",
  "fields": {
    "mobile_number": "8081482053",
    "code": "758867",
    "session_id": null,
    "created_at": "2025-10-27T12:46:04.760Z",
    "verified": true,
    "used": false
  }
},
{
  "model": "myapp.otprequest",
  "pk": "94ed0e07-0341-47e8-897b-8e7006a90c2a",
  "fields": {
    "mobile_number": "8081482053",
    "code": "389871",
    "session_id": null,
    "created_at": "2025-11-05T09:39:04.656Z",
    "verified": false,
    "used": true
  }
},
{
  "model": "myapp.otprequest",
  "pk": "97f8ea72-57fa-4059-ba4e-483e6a645f20",
  "fields": {
    "mobile_number": "7041330731",
    "code": "926944",
    "session_id": null,
    "created_at": "2025-10-27T12:49:30.211Z",
    "verified": true,
    "used": true
  }
},
{
  "model": "myapp.otprequest",
  "pk": "993d2bae-02c6-42da-a1ea-5717fd8f5fc2",
  "fields": {
    "mobile_number": "7041330731",
    "code": "875536",
    "session_id": null,
    "created_at": "2025-11-23T10:10:05.823Z",
    "verified": false,
    "used": false
  }
},
{
  "model": "myapp.otprequest",
  "pk": "a26e26b5-e04f-46a6-bf55-a28a713f7663",
  "fields": {
    "mobile_number": "8081482053",
    "code": null,
    "session_id": "86dcf6fc-302d-4984-b8ba-7704e8c677e5",
    "created_at": "2025-11-27T10:28:16.594Z",
    "verified": true,
    "used": true
  }
},
{
  "model": "myapp.otprequest",
  "pk": "a2c00d4f-c2da-4bd4-be68-8651abddf22a",
  "fields": {
    "mobile_number": "8081482053",
    "code": "357577",
    "session_id": null,
    "created_at": "2025-11-18T16:04:20.892Z",
    "verified": false,
    "used": true
  }
},
{
  "model": "myapp.otprequest",
  "pk": "a336fa6d-1ae5-4953-89ff-99a86bf21b42",
  "fields": {
    "mobile_number": "8081482053",
    "code": "979579",
    "session_id": null,
    "created_at": "2025-10-27T13:05:49.769Z",
    "verified": false,
    "used": false
  }
},
{
  "model": "myapp.otprequest",
  "pk": "a8db3c7b-8740-4c03-bf31-28b80ea576d8",
  "fields": {
    "mobile_number": "8081482053",
    "code": "300459",
    "session_id": null,
    "created_at": "2025-11-05T09:31:17.343Z",
    "verified": false,
    "used": true
  }
},
{
  "model": "myapp.otprequest",
  "pk": "b3109d42-b645-48e7-9ca5-071eea633219",
  "fields": {
    "mobile_number": "8081482053",
    "code": null,
    "session_id": "d9850725-3f2f-47f2-baca-e480fc491b1d",
    "created_at": "2025-11-27T10:09:26.264Z",
    "verified": true,
    "used": false
  }
},
{
  "model": "myapp.otprequest",
  "pk": "b8085f13-079b-4300-aa50-70252eae7a3c",
  "fields": {
    "mobile_number": "8081482053",
    "code": "630743",
    "session_id": null,
    "created_at": "2025-10-29T15:53:17.365Z",
    "verified": true,
    "used": false
  }
},
{
  "model": "myapp.otprequest",
  "pk": "ba093840-b9ea-4bed-8274-e33e8e945c9e",
  "fields": {
    "mobile_number": "8081482053",
    "code": "449748",
    "session_id": null,
    "created_at": "2025-11-04T13:48:51.496Z",
    "verified": true,
    "used": false
  }
},
{
  "model": "myapp.otprequest",
  "pk": "bb3ad63c-cb1d-4f7d-a47f-fca8c27b0ecd",
  "fields": {
    "mobile_number": "8081482053",
    "code": "268198",
    "session_id": null,
    "created_at": "2025-10-27T13:21:30.089Z",
    "verified": false,
    "used": false
  }
},
{
  "model": "myapp.otprequest",
  "pk": "be88df43-842e-4e20-9149-8c07e8c779bf",
  "fields": {
    "mobile_number": "8081482053",
    "code": "960565",
    "session_id": null,
    "created_at": "2025-11-04T13:49:39.759Z",
    "verified": false,
    "used": true
  }
},
{
  "model": "myapp.otprequest",
  "pk": "c3da995c-78d8-4fb1-b7c7-0b96c00256c2",
  "fields": {
    "mobile_number": "7041330731",
    "code": "196922",
    "session_id": null,
    "created_at": "2025-11-26T13:15:23.320Z",
    "verified": false,
    "used": false
  }
},
{
  "model": "myapp.otprequest",
  "pk": "cb6af59a-df93-4825-b51a-1323ad151b7b",
  "fields": {
    "mobile_number": "8081482053",
    "code": "708368",
    "session_id": null,
    "created_at": "2025-10-27T12:48:29.267Z",
    "verified": false,
    "used": true
  }
},
{
  "model": "myapp.otprequest",
  "pk": "dcd07495-de12-4ad9-ad28-d646beb479cf",
  "fields": {
    "mobile_number": "7984476146",
    "code": null,
    "session_id": "761e75d4-aede-4ac2-a880-90d336c011a1",
    "created_at": "2025-11-27T10:39:21.003Z",
    "verified": false,
    "used": false
  }
},
{
  "model": "myapp.otprequest",
  "pk": "e772c7ca-b682-42f9-bf3d-36dc1114d202",
  "fields": {
    "mobile_number": "8081482053",
    "code": "868743",
    "session_id": null,
    "created_at": "2025-10-27T13:25:25.840Z",
    "verified": true,
    "used": false
  }
},
{
  "model": "myapp.otprequest",
  "pk": "f03fa3af-3657-439c-9d60-ea79d029b0ed",
  "fields": {
    "mobile_number": "8081482053",
    "code": "367425",
    "session_id": null,
    "created_at": "2025-11-05T09:42:03.805Z",
    "verified": false,
    "used": true
  }
},
{
  "model": "myapp.otprequest",
  "pk": "f76f8037-918e-444a-9d73-0450549f9a26",
  "fields": {
    "mobile_number": "8081482053",
    "code": "916254",
    "session_id": null,
    "created_at": "2025-11-23T10:12:43.273Z",
    "verified": false,
    "used": true
  }
}
]
